phi,producer,theta,time,FILE_png
000.00,PNG1,000.00,0,RenderView1_000000p=000.00t=000.00.png
000.00,PNG1,060.00,0,RenderView1_000000p=000.00t=060.00.png
000.00,PNG1,120.00,0,RenderView1_000000p=000.00t=120.00.png
000.00,PNG1,180.00,0,RenderView1_000000p=000.00t=180.00.png
000.00,PNG1,240.00,0,RenderView1_000000p=000.00t=240.00.png
000.00,PNG1,300.00,0,RenderView1_000000p=000.00t=300.00.png
060.00,PNG1,000.00,0,RenderView1_000000p=060.00t=000.00.png
060.00,PNG1,060.00,0,RenderView1_000000p=060.00t=060.00.png
060.00,PNG1,120.00,0,RenderView1_000000p=060.00t=120.00.png
060.00,PNG1,180.00,0,RenderView1_000000p=060.00t=180.00.png
060.00,PNG1,240.00,0,RenderView1_000000p=060.00t=240.00.png
060.00,PNG1,300.00,0,RenderView1_000000p=060.00t=300.00.png
120.00,PNG1,000.00,0,RenderView1_000000p=120.00t=000.00.png
120.00,PNG1,060.00,0,RenderView1_000000p=120.00t=060.00.png
120.00,PNG1,120.00,0,RenderView1_000000p=120.00t=120.00.png
120.00,PNG1,180.00,0,RenderView1_000000p=120.00t=180.00.png
120.00,PNG1,240.00,0,RenderView1_000000p=120.00t=240.00.png
120.00,PNG1,300.00,0,RenderView1_000000p=120.00t=300.00.png
180.00,PNG1,000.00,0,RenderView1_000000p=180.00t=000.00.png
180.00,PNG1,060.00,0,RenderView1_000000p=180.00t=060.00.png
180.00,PNG1,120.00,0,RenderView1_000000p=180.00t=120.00.png
180.00,PNG1,180.00,0,RenderView1_000000p=180.00t=180.00.png
180.00,PNG1,240.00,0,RenderView1_000000p=180.00t=240.00.png
180.00,PNG1,300.00,0,RenderView1_000000p=180.00t=300.00.png
240.00,PNG1,000.00,0,RenderView1_000000p=240.00t=000.00.png
240.00,PNG1,060.00,0,RenderView1_000000p=240.00t=060.00.png
240.00,PNG1,120.00,0,RenderView1_000000p=240.00t=120.00.png
240.00,PNG1,180.00,0,RenderView1_000000p=240.00t=180.00.png
240.00,PNG1,240.00,0,RenderView1_000000p=240.00t=240.00.png
240.00,PNG1,300.00,0,RenderView1_000000p=240.00t=300.00.png
300.00,PNG1,000.00,0,RenderView1_000000p=300.00t=000.00.png
300.00,PNG1,060.00,0,RenderView1_000000p=300.00t=060.00.png
300.00,PNG1,120.00,0,RenderView1_000000p=300.00t=120.00.png
300.00,PNG1,180.00,0,RenderView1_000000p=300.00t=180.00.png
300.00,PNG1,240.00,0,RenderView1_000000p=300.00t=240.00.png
300.00,PNG1,300.00,0,RenderView1_000000p=300.00t=300.00.png
000.00,PNG1,000.00,1,RenderView1_000001p=000.00t=000.00.png
000.00,PNG1,060.00,1,RenderView1_000001p=000.00t=060.00.png
000.00,PNG1,120.00,1,RenderView1_000001p=000.00t=120.00.png
000.00,PNG1,180.00,1,RenderView1_000001p=000.00t=180.00.png
000.00,PNG1,240.00,1,RenderView1_000001p=000.00t=240.00.png
000.00,PNG1,300.00,1,RenderView1_000001p=000.00t=300.00.png
060.00,PNG1,000.00,1,RenderView1_000001p=060.00t=000.00.png
060.00,PNG1,060.00,1,RenderView1_000001p=060.00t=060.00.png
060.00,PNG1,120.00,1,RenderView1_000001p=060.00t=120.00.png
060.00,PNG1,180.00,1,RenderView1_000001p=060.00t=180.00.png
060.00,PNG1,240.00,1,RenderView1_000001p=060.00t=240.00.png
060.00,PNG1,300.00,1,RenderView1_000001p=060.00t=300.00.png
120.00,PNG1,000.00,1,RenderView1_000001p=120.00t=000.00.png
120.00,PNG1,060.00,1,RenderView1_000001p=120.00t=060.00.png
120.00,PNG1,120.00,1,RenderView1_000001p=120.00t=120.00.png
120.00,PNG1,180.00,1,RenderView1_000001p=120.00t=180.00.png
120.00,PNG1,240.00,1,RenderView1_000001p=120.00t=240.00.png
120.00,PNG1,300.00,1,RenderView1_000001p=120.00t=300.00.png
180.00,PNG1,000.00,1,RenderView1_000001p=180.00t=000.00.png
180.00,PNG1,060.00,1,RenderView1_000001p=180.00t=060.00.png
180.00,PNG1,120.00,1,RenderView1_000001p=180.00t=120.00.png
180.00,PNG1,180.00,1,RenderView1_000001p=180.00t=180.00.png
180.00,PNG1,240.00,1,RenderView1_000001p=180.00t=240.00.png
180.00,PNG1,300.00,1,RenderView1_000001p=180.00t=300.00.png
240.00,PNG1,000.00,1,RenderView1_000001p=240.00t=000.00.png
240.00,PNG1,060.00,1,RenderView1_000001p=240.00t=060.00.png
240.00,PNG1,120.00,1,RenderView1_000001p=240.00t=120.00.png
240.00,PNG1,180.00,1,RenderView1_000001p=240.00t=180.00.png
240.00,PNG1,240.00,1,RenderView1_000001p=240.00t=240.00.png
240.00,PNG1,300.00,1,RenderView1_000001p=240.00t=300.00.png
300.00,PNG1,000.00,1,RenderView1_000001p=300.00t=000.00.png
300.00,PNG1,060.00,1,RenderView1_000001p=300.00t=060.00.png
300.00,PNG1,120.00,1,RenderView1_000001p=300.00t=120.00.png
300.00,PNG1,180.00,1,RenderView1_000001p=300.00t=180.00.png
300.00,PNG1,240.00,1,RenderView1_000001p=300.00t=240.00.png
300.00,PNG1,300.00,1,RenderView1_000001p=300.00t=300.00.png
000.00,PNG1,000.00,2,RenderView1_000002p=000.00t=000.00.png
000.00,PNG1,060.00,2,RenderView1_000002p=000.00t=060.00.png
000.00,PNG1,120.00,2,RenderView1_000002p=000.00t=120.00.png
000.00,PNG1,180.00,2,RenderView1_000002p=000.00t=180.00.png
000.00,PNG1,240.00,2,RenderView1_000002p=000.00t=240.00.png
000.00,PNG1,300.00,2,RenderView1_000002p=000.00t=300.00.png
060.00,PNG1,000.00,2,RenderView1_000002p=060.00t=000.00.png
060.00,PNG1,060.00,2,RenderView1_000002p=060.00t=060.00.png
060.00,PNG1,120.00,2,RenderView1_000002p=060.00t=120.00.png
060.00,PNG1,180.00,2,RenderView1_000002p=060.00t=180.00.png
060.00,PNG1,240.00,2,RenderView1_000002p=060.00t=240.00.png
060.00,PNG1,300.00,2,RenderView1_000002p=060.00t=300.00.png
120.00,PNG1,000.00,2,RenderView1_000002p=120.00t=000.00.png
120.00,PNG1,060.00,2,RenderView1_000002p=120.00t=060.00.png
120.00,PNG1,120.00,2,RenderView1_000002p=120.00t=120.00.png
120.00,PNG1,180.00,2,RenderView1_000002p=120.00t=180.00.png
120.00,PNG1,240.00,2,RenderView1_000002p=120.00t=240.00.png
120.00,PNG1,300.00,2,RenderView1_000002p=120.00t=300.00.png
180.00,PNG1,000.00,2,RenderView1_000002p=180.00t=000.00.png
180.00,PNG1,060.00,2,RenderView1_000002p=180.00t=060.00.png
180.00,PNG1,120.00,2,RenderView1_000002p=180.00t=120.00.png
180.00,PNG1,180.00,2,RenderView1_000002p=180.00t=180.00.png
180.00,PNG1,240.00,2,RenderView1_000002p=180.00t=240.00.png
180.00,PNG1,300.00,2,RenderView1_000002p=180.00t=300.00.png
240.00,PNG1,000.00,2,RenderView1_000002p=240.00t=000.00.png
240.00,PNG1,060.00,2,RenderView1_000002p=240.00t=060.00.png
240.00,PNG1,120.00,2,RenderView1_000002p=240.00t=120.00.png
240.00,PNG1,180.00,2,RenderView1_000002p=240.00t=180.00.png
240.00,PNG1,240.00,2,RenderView1_000002p=240.00t=240.00.png
240.00,PNG1,300.00,2,RenderView1_000002p=240.00t=300.00.png
300.00,PNG1,000.00,2,RenderView1_000002p=300.00t=000.00.png
300.00,PNG1,060.00,2,RenderView1_000002p=300.00t=060.00.png
300.00,PNG1,120.00,2,RenderView1_000002p=300.00t=120.00.png
300.00,PNG1,180.00,2,RenderView1_000002p=300.00t=180.00.png
300.00,PNG1,240.00,2,RenderView1_000002p=300.00t=240.00.png
300.00,PNG1,300.00,2,RenderView1_000002p=300.00t=300.00.png
000.00,PNG1,000.00,3,RenderView1_000003p=000.00t=000.00.png
000.00,PNG1,060.00,3,RenderView1_000003p=000.00t=060.00.png
000.00,PNG1,120.00,3,RenderView1_000003p=000.00t=120.00.png
000.00,PNG1,180.00,3,RenderView1_000003p=000.00t=180.00.png
000.00,PNG1,240.00,3,RenderView1_000003p=000.00t=240.00.png
000.00,PNG1,300.00,3,RenderView1_000003p=000.00t=300.00.png
060.00,PNG1,000.00,3,RenderView1_000003p=060.00t=000.00.png
060.00,PNG1,060.00,3,RenderView1_000003p=060.00t=060.00.png
060.00,PNG1,120.00,3,RenderView1_000003p=060.00t=120.00.png
060.00,PNG1,180.00,3,RenderView1_000003p=060.00t=180.00.png
060.00,PNG1,240.00,3,RenderView1_000003p=060.00t=240.00.png
060.00,PNG1,300.00,3,RenderView1_000003p=060.00t=300.00.png
120.00,PNG1,000.00,3,RenderView1_000003p=120.00t=000.00.png
120.00,PNG1,060.00,3,RenderView1_000003p=120.00t=060.00.png
120.00,PNG1,120.00,3,RenderView1_000003p=120.00t=120.00.png
120.00,PNG1,180.00,3,RenderView1_000003p=120.00t=180.00.png
120.00,PNG1,240.00,3,RenderView1_000003p=120.00t=240.00.png
120.00,PNG1,300.00,3,RenderView1_000003p=120.00t=300.00.png
180.00,PNG1,000.00,3,RenderView1_000003p=180.00t=000.00.png
180.00,PNG1,060.00,3,RenderView1_000003p=180.00t=060.00.png
180.00,PNG1,120.00,3,RenderView1_000003p=180.00t=120.00.png
180.00,PNG1,180.00,3,RenderView1_000003p=180.00t=180.00.png
180.00,PNG1,240.00,3,RenderView1_000003p=180.00t=240.00.png
180.00,PNG1,300.00,3,RenderView1_000003p=180.00t=300.00.png
240.00,PNG1,000.00,3,RenderView1_000003p=240.00t=000.00.png
240.00,PNG1,060.00,3,RenderView1_000003p=240.00t=060.00.png
240.00,PNG1,120.00,3,RenderView1_000003p=240.00t=120.00.png
240.00,PNG1,180.00,3,RenderView1_000003p=240.00t=180.00.png
240.00,PNG1,240.00,3,RenderView1_000003p=240.00t=240.00.png
240.00,PNG1,300.00,3,RenderView1_000003p=240.00t=300.00.png
300.00,PNG1,000.00,3,RenderView1_000003p=300.00t=000.00.png
300.00,PNG1,060.00,3,RenderView1_000003p=300.00t=060.00.png
300.00,PNG1,120.00,3,RenderView1_000003p=300.00t=120.00.png
300.00,PNG1,180.00,3,RenderView1_000003p=300.00t=180.00.png
300.00,PNG1,240.00,3,RenderView1_000003p=300.00t=240.00.png
300.00,PNG1,300.00,3,RenderView1_000003p=300.00t=300.00.png
000.00,PNG1,000.00,4,RenderView1_000004p=000.00t=000.00.png
000.00,PNG1,060.00,4,RenderView1_000004p=000.00t=060.00.png
000.00,PNG1,120.00,4,RenderView1_000004p=000.00t=120.00.png
000.00,PNG1,180.00,4,RenderView1_000004p=000.00t=180.00.png
000.00,PNG1,240.00,4,RenderView1_000004p=000.00t=240.00.png
000.00,PNG1,300.00,4,RenderView1_000004p=000.00t=300.00.png
060.00,PNG1,000.00,4,RenderView1_000004p=060.00t=000.00.png
060.00,PNG1,060.00,4,RenderView1_000004p=060.00t=060.00.png
060.00,PNG1,120.00,4,RenderView1_000004p=060.00t=120.00.png
060.00,PNG1,180.00,4,RenderView1_000004p=060.00t=180.00.png
060.00,PNG1,240.00,4,RenderView1_000004p=060.00t=240.00.png
060.00,PNG1,300.00,4,RenderView1_000004p=060.00t=300.00.png
120.00,PNG1,000.00,4,RenderView1_000004p=120.00t=000.00.png
120.00,PNG1,060.00,4,RenderView1_000004p=120.00t=060.00.png
120.00,PNG1,120.00,4,RenderView1_000004p=120.00t=120.00.png
120.00,PNG1,180.00,4,RenderView1_000004p=120.00t=180.00.png
120.00,PNG1,240.00,4,RenderView1_000004p=120.00t=240.00.png
120.00,PNG1,300.00,4,RenderView1_000004p=120.00t=300.00.png
180.00,PNG1,000.00,4,RenderView1_000004p=180.00t=000.00.png
180.00,PNG1,060.00,4,RenderView1_000004p=180.00t=060.00.png
180.00,PNG1,120.00,4,RenderView1_000004p=180.00t=120.00.png
180.00,PNG1,180.00,4,RenderView1_000004p=180.00t=180.00.png
180.00,PNG1,240.00,4,RenderView1_000004p=180.00t=240.00.png
180.00,PNG1,300.00,4,RenderView1_000004p=180.00t=300.00.png
240.00,PNG1,000.00,4,RenderView1_000004p=240.00t=000.00.png
240.00,PNG1,060.00,4,RenderView1_000004p=240.00t=060.00.png
240.00,PNG1,120.00,4,RenderView1_000004p=240.00t=120.00.png
240.00,PNG1,180.00,4,RenderView1_000004p=240.00t=180.00.png
240.00,PNG1,240.00,4,RenderView1_000004p=240.00t=240.00.png
240.00,PNG1,300.00,4,RenderView1_000004p=240.00t=300.00.png
300.00,PNG1,000.00,4,RenderView1_000004p=300.00t=000.00.png
300.00,PNG1,060.00,4,RenderView1_000004p=300.00t=060.00.png
300.00,PNG1,120.00,4,RenderView1_000004p=300.00t=120.00.png
300.00,PNG1,180.00,4,RenderView1_000004p=300.00t=180.00.png
300.00,PNG1,240.00,4,RenderView1_000004p=300.00t=240.00.png
300.00,PNG1,300.00,4,RenderView1_000004p=300.00t=300.00.png
000.00,PNG1,000.00,5,RenderView1_000005p=000.00t=000.00.png
000.00,PNG1,060.00,5,RenderView1_000005p=000.00t=060.00.png
000.00,PNG1,120.00,5,RenderView1_000005p=000.00t=120.00.png
000.00,PNG1,180.00,5,RenderView1_000005p=000.00t=180.00.png
000.00,PNG1,240.00,5,RenderView1_000005p=000.00t=240.00.png
000.00,PNG1,300.00,5,RenderView1_000005p=000.00t=300.00.png
060.00,PNG1,000.00,5,RenderView1_000005p=060.00t=000.00.png
060.00,PNG1,060.00,5,RenderView1_000005p=060.00t=060.00.png
060.00,PNG1,120.00,5,RenderView1_000005p=060.00t=120.00.png
060.00,PNG1,180.00,5,RenderView1_000005p=060.00t=180.00.png
060.00,PNG1,240.00,5,RenderView1_000005p=060.00t=240.00.png
060.00,PNG1,300.00,5,RenderView1_000005p=060.00t=300.00.png
120.00,PNG1,000.00,5,RenderView1_000005p=120.00t=000.00.png
120.00,PNG1,060.00,5,RenderView1_000005p=120.00t=060.00.png
120.00,PNG1,120.00,5,RenderView1_000005p=120.00t=120.00.png
120.00,PNG1,180.00,5,RenderView1_000005p=120.00t=180.00.png
120.00,PNG1,240.00,5,RenderView1_000005p=120.00t=240.00.png
120.00,PNG1,300.00,5,RenderView1_000005p=120.00t=300.00.png
180.00,PNG1,000.00,5,RenderView1_000005p=180.00t=000.00.png
180.00,PNG1,060.00,5,RenderView1_000005p=180.00t=060.00.png
180.00,PNG1,120.00,5,RenderView1_000005p=180.00t=120.00.png
180.00,PNG1,180.00,5,RenderView1_000005p=180.00t=180.00.png
180.00,PNG1,240.00,5,RenderView1_000005p=180.00t=240.00.png
180.00,PNG1,300.00,5,RenderView1_000005p=180.00t=300.00.png
240.00,PNG1,000.00,5,RenderView1_000005p=240.00t=000.00.png
240.00,PNG1,060.00,5,RenderView1_000005p=240.00t=060.00.png
240.00,PNG1,120.00,5,RenderView1_000005p=240.00t=120.00.png
240.00,PNG1,180.00,5,RenderView1_000005p=240.00t=180.00.png
240.00,PNG1,240.00,5,RenderView1_000005p=240.00t=240.00.png
240.00,PNG1,300.00,5,RenderView1_000005p=240.00t=300.00.png
300.00,PNG1,000.00,5,RenderView1_000005p=300.00t=000.00.png
300.00,PNG1,060.00,5,RenderView1_000005p=300.00t=060.00.png
300.00,PNG1,120.00,5,RenderView1_000005p=300.00t=120.00.png
300.00,PNG1,180.00,5,RenderView1_000005p=300.00t=180.00.png
300.00,PNG1,240.00,5,RenderView1_000005p=300.00t=240.00.png
300.00,PNG1,300.00,5,RenderView1_000005p=300.00t=300.00.png
000.00,PNG1,000.00,6,RenderView1_000006p=000.00t=000.00.png
000.00,PNG1,060.00,6,RenderView1_000006p=000.00t=060.00.png
000.00,PNG1,120.00,6,RenderView1_000006p=000.00t=120.00.png
000.00,PNG1,180.00,6,RenderView1_000006p=000.00t=180.00.png
000.00,PNG1,240.00,6,RenderView1_000006p=000.00t=240.00.png
000.00,PNG1,300.00,6,RenderView1_000006p=000.00t=300.00.png
060.00,PNG1,000.00,6,RenderView1_000006p=060.00t=000.00.png
060.00,PNG1,060.00,6,RenderView1_000006p=060.00t=060.00.png
060.00,PNG1,120.00,6,RenderView1_000006p=060.00t=120.00.png
060.00,PNG1,180.00,6,RenderView1_000006p=060.00t=180.00.png
060.00,PNG1,240.00,6,RenderView1_000006p=060.00t=240.00.png
060.00,PNG1,300.00,6,RenderView1_000006p=060.00t=300.00.png
120.00,PNG1,000.00,6,RenderView1_000006p=120.00t=000.00.png
120.00,PNG1,060.00,6,RenderView1_000006p=120.00t=060.00.png
120.00,PNG1,120.00,6,RenderView1_000006p=120.00t=120.00.png
120.00,PNG1,180.00,6,RenderView1_000006p=120.00t=180.00.png
120.00,PNG1,240.00,6,RenderView1_000006p=120.00t=240.00.png
120.00,PNG1,300.00,6,RenderView1_000006p=120.00t=300.00.png
180.00,PNG1,000.00,6,RenderView1_000006p=180.00t=000.00.png
180.00,PNG1,060.00,6,RenderView1_000006p=180.00t=060.00.png
180.00,PNG1,120.00,6,RenderView1_000006p=180.00t=120.00.png
180.00,PNG1,180.00,6,RenderView1_000006p=180.00t=180.00.png
180.00,PNG1,240.00,6,RenderView1_000006p=180.00t=240.00.png
180.00,PNG1,300.00,6,RenderView1_000006p=180.00t=300.00.png
240.00,PNG1,000.00,6,RenderView1_000006p=240.00t=000.00.png
240.00,PNG1,060.00,6,RenderView1_000006p=240.00t=060.00.png
240.00,PNG1,120.00,6,RenderView1_000006p=240.00t=120.00.png
240.00,PNG1,180.00,6,RenderView1_000006p=240.00t=180.00.png
240.00,PNG1,240.00,6,RenderView1_000006p=240.00t=240.00.png
240.00,PNG1,300.00,6,RenderView1_000006p=240.00t=300.00.png
300.00,PNG1,000.00,6,RenderView1_000006p=300.00t=000.00.png
300.00,PNG1,060.00,6,RenderView1_000006p=300.00t=060.00.png
300.00,PNG1,120.00,6,RenderView1_000006p=300.00t=120.00.png
300.00,PNG1,180.00,6,RenderView1_000006p=300.00t=180.00.png
300.00,PNG1,240.00,6,RenderView1_000006p=300.00t=240.00.png
300.00,PNG1,300.00,6,RenderView1_000006p=300.00t=300.00.png
000.00,PNG1,000.00,7,RenderView1_000007p=000.00t=000.00.png
000.00,PNG1,060.00,7,RenderView1_000007p=000.00t=060.00.png
000.00,PNG1,120.00,7,RenderView1_000007p=000.00t=120.00.png
000.00,PNG1,180.00,7,RenderView1_000007p=000.00t=180.00.png
000.00,PNG1,240.00,7,RenderView1_000007p=000.00t=240.00.png
000.00,PNG1,300.00,7,RenderView1_000007p=000.00t=300.00.png
060.00,PNG1,000.00,7,RenderView1_000007p=060.00t=000.00.png
060.00,PNG1,060.00,7,RenderView1_000007p=060.00t=060.00.png
060.00,PNG1,120.00,7,RenderView1_000007p=060.00t=120.00.png
060.00,PNG1,180.00,7,RenderView1_000007p=060.00t=180.00.png
060.00,PNG1,240.00,7,RenderView1_000007p=060.00t=240.00.png
060.00,PNG1,300.00,7,RenderView1_000007p=060.00t=300.00.png
120.00,PNG1,000.00,7,RenderView1_000007p=120.00t=000.00.png
120.00,PNG1,060.00,7,RenderView1_000007p=120.00t=060.00.png
120.00,PNG1,120.00,7,RenderView1_000007p=120.00t=120.00.png
120.00,PNG1,180.00,7,RenderView1_000007p=120.00t=180.00.png
120.00,PNG1,240.00,7,RenderView1_000007p=120.00t=240.00.png
120.00,PNG1,300.00,7,RenderView1_000007p=120.00t=300.00.png
180.00,PNG1,000.00,7,RenderView1_000007p=180.00t=000.00.png
180.00,PNG1,060.00,7,RenderView1_000007p=180.00t=060.00.png
180.00,PNG1,120.00,7,RenderView1_000007p=180.00t=120.00.png
180.00,PNG1,180.00,7,RenderView1_000007p=180.00t=180.00.png
180.00,PNG1,240.00,7,RenderView1_000007p=180.00t=240.00.png
180.00,PNG1,300.00,7,RenderView1_000007p=180.00t=300.00.png
240.00,PNG1,000.00,7,RenderView1_000007p=240.00t=000.00.png
240.00,PNG1,060.00,7,RenderView1_000007p=240.00t=060.00.png
240.00,PNG1,120.00,7,RenderView1_000007p=240.00t=120.00.png
240.00,PNG1,180.00,7,RenderView1_000007p=240.00t=180.00.png
240.00,PNG1,240.00,7,RenderView1_000007p=240.00t=240.00.png
240.00,PNG1,300.00,7,RenderView1_000007p=240.00t=300.00.png
300.00,PNG1,000.00,7,RenderView1_000007p=300.00t=000.00.png
300.00,PNG1,060.00,7,RenderView1_000007p=300.00t=060.00.png
300.00,PNG1,120.00,7,RenderView1_000007p=300.00t=120.00.png
300.00,PNG1,180.00,7,RenderView1_000007p=300.00t=180.00.png
300.00,PNG1,240.00,7,RenderView1_000007p=300.00t=240.00.png
300.00,PNG1,300.00,7,RenderView1_000007p=300.00t=300.00.png
000.00,PNG1,000.00,8,RenderView1_000008p=000.00t=000.00.png
000.00,PNG1,060.00,8,RenderView1_000008p=000.00t=060.00.png
000.00,PNG1,120.00,8,RenderView1_000008p=000.00t=120.00.png
000.00,PNG1,180.00,8,RenderView1_000008p=000.00t=180.00.png
000.00,PNG1,240.00,8,RenderView1_000008p=000.00t=240.00.png
000.00,PNG1,300.00,8,RenderView1_000008p=000.00t=300.00.png
060.00,PNG1,000.00,8,RenderView1_000008p=060.00t=000.00.png
060.00,PNG1,060.00,8,RenderView1_000008p=060.00t=060.00.png
060.00,PNG1,120.00,8,RenderView1_000008p=060.00t=120.00.png
060.00,PNG1,180.00,8,RenderView1_000008p=060.00t=180.00.png
060.00,PNG1,240.00,8,RenderView1_000008p=060.00t=240.00.png
060.00,PNG1,300.00,8,RenderView1_000008p=060.00t=300.00.png
120.00,PNG1,000.00,8,RenderView1_000008p=120.00t=000.00.png
120.00,PNG1,060.00,8,RenderView1_000008p=120.00t=060.00.png
120.00,PNG1,120.00,8,RenderView1_000008p=120.00t=120.00.png
120.00,PNG1,180.00,8,RenderView1_000008p=120.00t=180.00.png
120.00,PNG1,240.00,8,RenderView1_000008p=120.00t=240.00.png
120.00,PNG1,300.00,8,RenderView1_000008p=120.00t=300.00.png
180.00,PNG1,000.00,8,RenderView1_000008p=180.00t=000.00.png
180.00,PNG1,060.00,8,RenderView1_000008p=180.00t=060.00.png
180.00,PNG1,120.00,8,RenderView1_000008p=180.00t=120.00.png
180.00,PNG1,180.00,8,RenderView1_000008p=180.00t=180.00.png
180.00,PNG1,240.00,8,RenderView1_000008p=180.00t=240.00.png
180.00,PNG1,300.00,8,RenderView1_000008p=180.00t=300.00.png
240.00,PNG1,000.00,8,RenderView1_000008p=240.00t=000.00.png
240.00,PNG1,060.00,8,RenderView1_000008p=240.00t=060.00.png
240.00,PNG1,120.00,8,RenderView1_000008p=240.00t=120.00.png
240.00,PNG1,180.00,8,RenderView1_000008p=240.00t=180.00.png
240.00,PNG1,240.00,8,RenderView1_000008p=240.00t=240.00.png
240.00,PNG1,300.00,8,RenderView1_000008p=240.00t=300.00.png
300.00,PNG1,000.00,8,RenderView1_000008p=300.00t=000.00.png
300.00,PNG1,060.00,8,RenderView1_000008p=300.00t=060.00.png
300.00,PNG1,120.00,8,RenderView1_000008p=300.00t=120.00.png
300.00,PNG1,180.00,8,RenderView1_000008p=300.00t=180.00.png
300.00,PNG1,240.00,8,RenderView1_000008p=300.00t=240.00.png
300.00,PNG1,300.00,8,RenderView1_000008p=300.00t=300.00.png
000.00,PNG1,000.00,9,RenderView1_000009p=000.00t=000.00.png
000.00,PNG1,060.00,9,RenderView1_000009p=000.00t=060.00.png
000.00,PNG1,120.00,9,RenderView1_000009p=000.00t=120.00.png
000.00,PNG1,180.00,9,RenderView1_000009p=000.00t=180.00.png
000.00,PNG1,240.00,9,RenderView1_000009p=000.00t=240.00.png
000.00,PNG1,300.00,9,RenderView1_000009p=000.00t=300.00.png
060.00,PNG1,000.00,9,RenderView1_000009p=060.00t=000.00.png
060.00,PNG1,060.00,9,RenderView1_000009p=060.00t=060.00.png
060.00,PNG1,120.00,9,RenderView1_000009p=060.00t=120.00.png
060.00,PNG1,180.00,9,RenderView1_000009p=060.00t=180.00.png
060.00,PNG1,240.00,9,RenderView1_000009p=060.00t=240.00.png
060.00,PNG1,300.00,9,RenderView1_000009p=060.00t=300.00.png
120.00,PNG1,000.00,9,RenderView1_000009p=120.00t=000.00.png
120.00,PNG1,060.00,9,RenderView1_000009p=120.00t=060.00.png
120.00,PNG1,120.00,9,RenderView1_000009p=120.00t=120.00.png
120.00,PNG1,180.00,9,RenderView1_000009p=120.00t=180.00.png
120.00,PNG1,240.00,9,RenderView1_000009p=120.00t=240.00.png
120.00,PNG1,300.00,9,RenderView1_000009p=120.00t=300.00.png
180.00,PNG1,000.00,9,RenderView1_000009p=180.00t=000.00.png
180.00,PNG1,060.00,9,RenderView1_000009p=180.00t=060.00.png
180.00,PNG1,120.00,9,RenderView1_000009p=180.00t=120.00.png
180.00,PNG1,180.00,9,RenderView1_000009p=180.00t=180.00.png
180.00,PNG1,240.00,9,RenderView1_000009p=180.00t=240.00.png
180.00,PNG1,300.00,9,RenderView1_000009p=180.00t=300.00.png
240.00,PNG1,000.00,9,RenderView1_000009p=240.00t=000.00.png
240.00,PNG1,060.00,9,RenderView1_000009p=240.00t=060.00.png
240.00,PNG1,120.00,9,RenderView1_000009p=240.00t=120.00.png
240.00,PNG1,180.00,9,RenderView1_000009p=240.00t=180.00.png
240.00,PNG1,240.00,9,RenderView1_000009p=240.00t=240.00.png
240.00,PNG1,300.00,9,RenderView1_000009p=240.00t=300.00.png
300.00,PNG1,000.00,9,RenderView1_000009p=300.00t=000.00.png
300.00,PNG1,060.00,9,RenderView1_000009p=300.00t=060.00.png
300.00,PNG1,120.00,9,RenderView1_000009p=300.00t=120.00.png
300.00,PNG1,180.00,9,RenderView1_000009p=300.00t=180.00.png
300.00,PNG1,240.00,9,RenderView1_000009p=300.00t=240.00.png
300.00,PNG1,300.00,9,RenderView1_000009p=300.00t=300.00.png
000.00,PNG1,000.00,10,RenderView1_000010p=000.00t=000.00.png
000.00,PNG1,060.00,10,RenderView1_000010p=000.00t=060.00.png
000.00,PNG1,120.00,10,RenderView1_000010p=000.00t=120.00.png
000.00,PNG1,180.00,10,RenderView1_000010p=000.00t=180.00.png
000.00,PNG1,240.00,10,RenderView1_000010p=000.00t=240.00.png
000.00,PNG1,300.00,10,RenderView1_000010p=000.00t=300.00.png
060.00,PNG1,000.00,10,RenderView1_000010p=060.00t=000.00.png
060.00,PNG1,060.00,10,RenderView1_000010p=060.00t=060.00.png
060.00,PNG1,120.00,10,RenderView1_000010p=060.00t=120.00.png
060.00,PNG1,180.00,10,RenderView1_000010p=060.00t=180.00.png
060.00,PNG1,240.00,10,RenderView1_000010p=060.00t=240.00.png
060.00,PNG1,300.00,10,RenderView1_000010p=060.00t=300.00.png
120.00,PNG1,000.00,10,RenderView1_000010p=120.00t=000.00.png
120.00,PNG1,060.00,10,RenderView1_000010p=120.00t=060.00.png
120.00,PNG1,120.00,10,RenderView1_000010p=120.00t=120.00.png
120.00,PNG1,180.00,10,RenderView1_000010p=120.00t=180.00.png
120.00,PNG1,240.00,10,RenderView1_000010p=120.00t=240.00.png
120.00,PNG1,300.00,10,RenderView1_000010p=120.00t=300.00.png
180.00,PNG1,000.00,10,RenderView1_000010p=180.00t=000.00.png
180.00,PNG1,060.00,10,RenderView1_000010p=180.00t=060.00.png
180.00,PNG1,120.00,10,RenderView1_000010p=180.00t=120.00.png
180.00,PNG1,180.00,10,RenderView1_000010p=180.00t=180.00.png
180.00,PNG1,240.00,10,RenderView1_000010p=180.00t=240.00.png
180.00,PNG1,300.00,10,RenderView1_000010p=180.00t=300.00.png
240.00,PNG1,000.00,10,RenderView1_000010p=240.00t=000.00.png
240.00,PNG1,060.00,10,RenderView1_000010p=240.00t=060.00.png
240.00,PNG1,120.00,10,RenderView1_000010p=240.00t=120.00.png
240.00,PNG1,180.00,10,RenderView1_000010p=240.00t=180.00.png
240.00,PNG1,240.00,10,RenderView1_000010p=240.00t=240.00.png
240.00,PNG1,300.00,10,RenderView1_000010p=240.00t=300.00.png
300.00,PNG1,000.00,10,RenderView1_000010p=300.00t=000.00.png
300.00,PNG1,060.00,10,RenderView1_000010p=300.00t=060.00.png
300.00,PNG1,120.00,10,RenderView1_000010p=300.00t=120.00.png
300.00,PNG1,180.00,10,RenderView1_000010p=300.00t=180.00.png
300.00,PNG1,240.00,10,RenderView1_000010p=300.00t=240.00.png
300.00,PNG1,300.00,10,RenderView1_000010p=300.00t=300.00.png
000.00,PNG1,000.00,11,RenderView1_000011p=000.00t=000.00.png
000.00,PNG1,060.00,11,RenderView1_000011p=000.00t=060.00.png
000.00,PNG1,120.00,11,RenderView1_000011p=000.00t=120.00.png
000.00,PNG1,180.00,11,RenderView1_000011p=000.00t=180.00.png
000.00,PNG1,240.00,11,RenderView1_000011p=000.00t=240.00.png
000.00,PNG1,300.00,11,RenderView1_000011p=000.00t=300.00.png
060.00,PNG1,000.00,11,RenderView1_000011p=060.00t=000.00.png
060.00,PNG1,060.00,11,RenderView1_000011p=060.00t=060.00.png
060.00,PNG1,120.00,11,RenderView1_000011p=060.00t=120.00.png
060.00,PNG1,180.00,11,RenderView1_000011p=060.00t=180.00.png
060.00,PNG1,240.00,11,RenderView1_000011p=060.00t=240.00.png
060.00,PNG1,300.00,11,RenderView1_000011p=060.00t=300.00.png
120.00,PNG1,000.00,11,RenderView1_000011p=120.00t=000.00.png
120.00,PNG1,060.00,11,RenderView1_000011p=120.00t=060.00.png
120.00,PNG1,120.00,11,RenderView1_000011p=120.00t=120.00.png
120.00,PNG1,180.00,11,RenderView1_000011p=120.00t=180.00.png
120.00,PNG1,240.00,11,RenderView1_000011p=120.00t=240.00.png
120.00,PNG1,300.00,11,RenderView1_000011p=120.00t=300.00.png
180.00,PNG1,000.00,11,RenderView1_000011p=180.00t=000.00.png
180.00,PNG1,060.00,11,RenderView1_000011p=180.00t=060.00.png
180.00,PNG1,120.00,11,RenderView1_000011p=180.00t=120.00.png
180.00,PNG1,180.00,11,RenderView1_000011p=180.00t=180.00.png
180.00,PNG1,240.00,11,RenderView1_000011p=180.00t=240.00.png
180.00,PNG1,300.00,11,RenderView1_000011p=180.00t=300.00.png
240.00,PNG1,000.00,11,RenderView1_000011p=240.00t=000.00.png
240.00,PNG1,060.00,11,RenderView1_000011p=240.00t=060.00.png
240.00,PNG1,120.00,11,RenderView1_000011p=240.00t=120.00.png
240.00,PNG1,180.00,11,RenderView1_000011p=240.00t=180.00.png
240.00,PNG1,240.00,11,RenderView1_000011p=240.00t=240.00.png
240.00,PNG1,300.00,11,RenderView1_000011p=240.00t=300.00.png
300.00,PNG1,000.00,11,RenderView1_000011p=300.00t=000.00.png
300.00,PNG1,060.00,11,RenderView1_000011p=300.00t=060.00.png
300.00,PNG1,120.00,11,RenderView1_000011p=300.00t=120.00.png
300.00,PNG1,180.00,11,RenderView1_000011p=300.00t=180.00.png
300.00,PNG1,240.00,11,RenderView1_000011p=300.00t=240.00.png
300.00,PNG1,300.00,11,RenderView1_000011p=300.00t=300.00.png
000.00,PNG1,000.00,12,RenderView1_000012p=000.00t=000.00.png
000.00,PNG1,060.00,12,RenderView1_000012p=000.00t=060.00.png
000.00,PNG1,120.00,12,RenderView1_000012p=000.00t=120.00.png
000.00,PNG1,180.00,12,RenderView1_000012p=000.00t=180.00.png
000.00,PNG1,240.00,12,RenderView1_000012p=000.00t=240.00.png
000.00,PNG1,300.00,12,RenderView1_000012p=000.00t=300.00.png
060.00,PNG1,000.00,12,RenderView1_000012p=060.00t=000.00.png
060.00,PNG1,060.00,12,RenderView1_000012p=060.00t=060.00.png
060.00,PNG1,120.00,12,RenderView1_000012p=060.00t=120.00.png
060.00,PNG1,180.00,12,RenderView1_000012p=060.00t=180.00.png
060.00,PNG1,240.00,12,RenderView1_000012p=060.00t=240.00.png
060.00,PNG1,300.00,12,RenderView1_000012p=060.00t=300.00.png
120.00,PNG1,000.00,12,RenderView1_000012p=120.00t=000.00.png
120.00,PNG1,060.00,12,RenderView1_000012p=120.00t=060.00.png
120.00,PNG1,120.00,12,RenderView1_000012p=120.00t=120.00.png
120.00,PNG1,180.00,12,RenderView1_000012p=120.00t=180.00.png
120.00,PNG1,240.00,12,RenderView1_000012p=120.00t=240.00.png
120.00,PNG1,300.00,12,RenderView1_000012p=120.00t=300.00.png
180.00,PNG1,000.00,12,RenderView1_000012p=180.00t=000.00.png
180.00,PNG1,060.00,12,RenderView1_000012p=180.00t=060.00.png
180.00,PNG1,120.00,12,RenderView1_000012p=180.00t=120.00.png
180.00,PNG1,180.00,12,RenderView1_000012p=180.00t=180.00.png
180.00,PNG1,240.00,12,RenderView1_000012p=180.00t=240.00.png
180.00,PNG1,300.00,12,RenderView1_000012p=180.00t=300.00.png
240.00,PNG1,000.00,12,RenderView1_000012p=240.00t=000.00.png
240.00,PNG1,060.00,12,RenderView1_000012p=240.00t=060.00.png
240.00,PNG1,120.00,12,RenderView1_000012p=240.00t=120.00.png
240.00,PNG1,180.00,12,RenderView1_000012p=240.00t=180.00.png
240.00,PNG1,240.00,12,RenderView1_000012p=240.00t=240.00.png
240.00,PNG1,300.00,12,RenderView1_000012p=240.00t=300.00.png
300.00,PNG1,000.00,12,RenderView1_000012p=300.00t=000.00.png
300.00,PNG1,060.00,12,RenderView1_000012p=300.00t=060.00.png
300.00,PNG1,120.00,12,RenderView1_000012p=300.00t=120.00.png
300.00,PNG1,180.00,12,RenderView1_000012p=300.00t=180.00.png
300.00,PNG1,240.00,12,RenderView1_000012p=300.00t=240.00.png
300.00,PNG1,300.00,12,RenderView1_000012p=300.00t=300.00.png
000.00,PNG1,000.00,13,RenderView1_000013p=000.00t=000.00.png
000.00,PNG1,060.00,13,RenderView1_000013p=000.00t=060.00.png
000.00,PNG1,120.00,13,RenderView1_000013p=000.00t=120.00.png
000.00,PNG1,180.00,13,RenderView1_000013p=000.00t=180.00.png
000.00,PNG1,240.00,13,RenderView1_000013p=000.00t=240.00.png
000.00,PNG1,300.00,13,RenderView1_000013p=000.00t=300.00.png
060.00,PNG1,000.00,13,RenderView1_000013p=060.00t=000.00.png
060.00,PNG1,060.00,13,RenderView1_000013p=060.00t=060.00.png
060.00,PNG1,120.00,13,RenderView1_000013p=060.00t=120.00.png
060.00,PNG1,180.00,13,RenderView1_000013p=060.00t=180.00.png
060.00,PNG1,240.00,13,RenderView1_000013p=060.00t=240.00.png
060.00,PNG1,300.00,13,RenderView1_000013p=060.00t=300.00.png
120.00,PNG1,000.00,13,RenderView1_000013p=120.00t=000.00.png
120.00,PNG1,060.00,13,RenderView1_000013p=120.00t=060.00.png
120.00,PNG1,120.00,13,RenderView1_000013p=120.00t=120.00.png
120.00,PNG1,180.00,13,RenderView1_000013p=120.00t=180.00.png
120.00,PNG1,240.00,13,RenderView1_000013p=120.00t=240.00.png
120.00,PNG1,300.00,13,RenderView1_000013p=120.00t=300.00.png
180.00,PNG1,000.00,13,RenderView1_000013p=180.00t=000.00.png
180.00,PNG1,060.00,13,RenderView1_000013p=180.00t=060.00.png
180.00,PNG1,120.00,13,RenderView1_000013p=180.00t=120.00.png
180.00,PNG1,180.00,13,RenderView1_000013p=180.00t=180.00.png
180.00,PNG1,240.00,13,RenderView1_000013p=180.00t=240.00.png
180.00,PNG1,300.00,13,RenderView1_000013p=180.00t=300.00.png
240.00,PNG1,000.00,13,RenderView1_000013p=240.00t=000.00.png
240.00,PNG1,060.00,13,RenderView1_000013p=240.00t=060.00.png
240.00,PNG1,120.00,13,RenderView1_000013p=240.00t=120.00.png
240.00,PNG1,180.00,13,RenderView1_000013p=240.00t=180.00.png
240.00,PNG1,240.00,13,RenderView1_000013p=240.00t=240.00.png
240.00,PNG1,300.00,13,RenderView1_000013p=240.00t=300.00.png
300.00,PNG1,000.00,13,RenderView1_000013p=300.00t=000.00.png
300.00,PNG1,060.00,13,RenderView1_000013p=300.00t=060.00.png
300.00,PNG1,120.00,13,RenderView1_000013p=300.00t=120.00.png
300.00,PNG1,180.00,13,RenderView1_000013p=300.00t=180.00.png
300.00,PNG1,240.00,13,RenderView1_000013p=300.00t=240.00.png
300.00,PNG1,300.00,13,RenderView1_000013p=300.00t=300.00.png
000.00,PNG1,000.00,14,RenderView1_000014p=000.00t=000.00.png
000.00,PNG1,060.00,14,RenderView1_000014p=000.00t=060.00.png
000.00,PNG1,120.00,14,RenderView1_000014p=000.00t=120.00.png
000.00,PNG1,180.00,14,RenderView1_000014p=000.00t=180.00.png
000.00,PNG1,240.00,14,RenderView1_000014p=000.00t=240.00.png
000.00,PNG1,300.00,14,RenderView1_000014p=000.00t=300.00.png
060.00,PNG1,000.00,14,RenderView1_000014p=060.00t=000.00.png
060.00,PNG1,060.00,14,RenderView1_000014p=060.00t=060.00.png
060.00,PNG1,120.00,14,RenderView1_000014p=060.00t=120.00.png
060.00,PNG1,180.00,14,RenderView1_000014p=060.00t=180.00.png
060.00,PNG1,240.00,14,RenderView1_000014p=060.00t=240.00.png
060.00,PNG1,300.00,14,RenderView1_000014p=060.00t=300.00.png
120.00,PNG1,000.00,14,RenderView1_000014p=120.00t=000.00.png
120.00,PNG1,060.00,14,RenderView1_000014p=120.00t=060.00.png
120.00,PNG1,120.00,14,RenderView1_000014p=120.00t=120.00.png
120.00,PNG1,180.00,14,RenderView1_000014p=120.00t=180.00.png
120.00,PNG1,240.00,14,RenderView1_000014p=120.00t=240.00.png
120.00,PNG1,300.00,14,RenderView1_000014p=120.00t=300.00.png
180.00,PNG1,000.00,14,RenderView1_000014p=180.00t=000.00.png
180.00,PNG1,060.00,14,RenderView1_000014p=180.00t=060.00.png
180.00,PNG1,120.00,14,RenderView1_000014p=180.00t=120.00.png
180.00,PNG1,180.00,14,RenderView1_000014p=180.00t=180.00.png
180.00,PNG1,240.00,14,RenderView1_000014p=180.00t=240.00.png
180.00,PNG1,300.00,14,RenderView1_000014p=180.00t=300.00.png
240.00,PNG1,000.00,14,RenderView1_000014p=240.00t=000.00.png
240.00,PNG1,060.00,14,RenderView1_000014p=240.00t=060.00.png
240.00,PNG1,120.00,14,RenderView1_000014p=240.00t=120.00.png
240.00,PNG1,180.00,14,RenderView1_000014p=240.00t=180.00.png
240.00,PNG1,240.00,14,RenderView1_000014p=240.00t=240.00.png
240.00,PNG1,300.00,14,RenderView1_000014p=240.00t=300.00.png
300.00,PNG1,000.00,14,RenderView1_000014p=300.00t=000.00.png
300.00,PNG1,060.00,14,RenderView1_000014p=300.00t=060.00.png
300.00,PNG1,120.00,14,RenderView1_000014p=300.00t=120.00.png
300.00,PNG1,180.00,14,RenderView1_000014p=300.00t=180.00.png
300.00,PNG1,240.00,14,RenderView1_000014p=300.00t=240.00.png
300.00,PNG1,300.00,14,RenderView1_000014p=300.00t=300.00.png
000.00,PNG1,000.00,15,RenderView1_000015p=000.00t=000.00.png
000.00,PNG1,060.00,15,RenderView1_000015p=000.00t=060.00.png
000.00,PNG1,120.00,15,RenderView1_000015p=000.00t=120.00.png
000.00,PNG1,180.00,15,RenderView1_000015p=000.00t=180.00.png
000.00,PNG1,240.00,15,RenderView1_000015p=000.00t=240.00.png
000.00,PNG1,300.00,15,RenderView1_000015p=000.00t=300.00.png
060.00,PNG1,000.00,15,RenderView1_000015p=060.00t=000.00.png
060.00,PNG1,060.00,15,RenderView1_000015p=060.00t=060.00.png
060.00,PNG1,120.00,15,RenderView1_000015p=060.00t=120.00.png
060.00,PNG1,180.00,15,RenderView1_000015p=060.00t=180.00.png
060.00,PNG1,240.00,15,RenderView1_000015p=060.00t=240.00.png
060.00,PNG1,300.00,15,RenderView1_000015p=060.00t=300.00.png
120.00,PNG1,000.00,15,RenderView1_000015p=120.00t=000.00.png
120.00,PNG1,060.00,15,RenderView1_000015p=120.00t=060.00.png
120.00,PNG1,120.00,15,RenderView1_000015p=120.00t=120.00.png
120.00,PNG1,180.00,15,RenderView1_000015p=120.00t=180.00.png
120.00,PNG1,240.00,15,RenderView1_000015p=120.00t=240.00.png
120.00,PNG1,300.00,15,RenderView1_000015p=120.00t=300.00.png
180.00,PNG1,000.00,15,RenderView1_000015p=180.00t=000.00.png
180.00,PNG1,060.00,15,RenderView1_000015p=180.00t=060.00.png
180.00,PNG1,120.00,15,RenderView1_000015p=180.00t=120.00.png
180.00,PNG1,180.00,15,RenderView1_000015p=180.00t=180.00.png
180.00,PNG1,240.00,15,RenderView1_000015p=180.00t=240.00.png
180.00,PNG1,300.00,15,RenderView1_000015p=180.00t=300.00.png
240.00,PNG1,000.00,15,RenderView1_000015p=240.00t=000.00.png
240.00,PNG1,060.00,15,RenderView1_000015p=240.00t=060.00.png
240.00,PNG1,120.00,15,RenderView1_000015p=240.00t=120.00.png
240.00,PNG1,180.00,15,RenderView1_000015p=240.00t=180.00.png
240.00,PNG1,240.00,15,RenderView1_000015p=240.00t=240.00.png
240.00,PNG1,300.00,15,RenderView1_000015p=240.00t=300.00.png
300.00,PNG1,000.00,15,RenderView1_000015p=300.00t=000.00.png
300.00,PNG1,060.00,15,RenderView1_000015p=300.00t=060.00.png
300.00,PNG1,120.00,15,RenderView1_000015p=300.00t=120.00.png
300.00,PNG1,180.00,15,RenderView1_000015p=300.00t=180.00.png
300.00,PNG1,240.00,15,RenderView1_000015p=300.00t=240.00.png
300.00,PNG1,300.00,15,RenderView1_000015p=300.00t=300.00.png
000.00,PNG1,000.00,16,RenderView1_000016p=000.00t=000.00.png
000.00,PNG1,060.00,16,RenderView1_000016p=000.00t=060.00.png
000.00,PNG1,120.00,16,RenderView1_000016p=000.00t=120.00.png
000.00,PNG1,180.00,16,RenderView1_000016p=000.00t=180.00.png
000.00,PNG1,240.00,16,RenderView1_000016p=000.00t=240.00.png
000.00,PNG1,300.00,16,RenderView1_000016p=000.00t=300.00.png
060.00,PNG1,000.00,16,RenderView1_000016p=060.00t=000.00.png
060.00,PNG1,060.00,16,RenderView1_000016p=060.00t=060.00.png
060.00,PNG1,120.00,16,RenderView1_000016p=060.00t=120.00.png
060.00,PNG1,180.00,16,RenderView1_000016p=060.00t=180.00.png
060.00,PNG1,240.00,16,RenderView1_000016p=060.00t=240.00.png
060.00,PNG1,300.00,16,RenderView1_000016p=060.00t=300.00.png
120.00,PNG1,000.00,16,RenderView1_000016p=120.00t=000.00.png
120.00,PNG1,060.00,16,RenderView1_000016p=120.00t=060.00.png
120.00,PNG1,120.00,16,RenderView1_000016p=120.00t=120.00.png
120.00,PNG1,180.00,16,RenderView1_000016p=120.00t=180.00.png
120.00,PNG1,240.00,16,RenderView1_000016p=120.00t=240.00.png
120.00,PNG1,300.00,16,RenderView1_000016p=120.00t=300.00.png
180.00,PNG1,000.00,16,RenderView1_000016p=180.00t=000.00.png
180.00,PNG1,060.00,16,RenderView1_000016p=180.00t=060.00.png
180.00,PNG1,120.00,16,RenderView1_000016p=180.00t=120.00.png
180.00,PNG1,180.00,16,RenderView1_000016p=180.00t=180.00.png
180.00,PNG1,240.00,16,RenderView1_000016p=180.00t=240.00.png
180.00,PNG1,300.00,16,RenderView1_000016p=180.00t=300.00.png
240.00,PNG1,000.00,16,RenderView1_000016p=240.00t=000.00.png
240.00,PNG1,060.00,16,RenderView1_000016p=240.00t=060.00.png
240.00,PNG1,120.00,16,RenderView1_000016p=240.00t=120.00.png
240.00,PNG1,180.00,16,RenderView1_000016p=240.00t=180.00.png
240.00,PNG1,240.00,16,RenderView1_000016p=240.00t=240.00.png
240.00,PNG1,300.00,16,RenderView1_000016p=240.00t=300.00.png
300.00,PNG1,000.00,16,RenderView1_000016p=300.00t=000.00.png
300.00,PNG1,060.00,16,RenderView1_000016p=300.00t=060.00.png
300.00,PNG1,120.00,16,RenderView1_000016p=300.00t=120.00.png
300.00,PNG1,180.00,16,RenderView1_000016p=300.00t=180.00.png
300.00,PNG1,240.00,16,RenderView1_000016p=300.00t=240.00.png
300.00,PNG1,300.00,16,RenderView1_000016p=300.00t=300.00.png
000.00,PNG1,000.00,17,RenderView1_000017p=000.00t=000.00.png
000.00,PNG1,060.00,17,RenderView1_000017p=000.00t=060.00.png
000.00,PNG1,120.00,17,RenderView1_000017p=000.00t=120.00.png
000.00,PNG1,180.00,17,RenderView1_000017p=000.00t=180.00.png
000.00,PNG1,240.00,17,RenderView1_000017p=000.00t=240.00.png
000.00,PNG1,300.00,17,RenderView1_000017p=000.00t=300.00.png
060.00,PNG1,000.00,17,RenderView1_000017p=060.00t=000.00.png
060.00,PNG1,060.00,17,RenderView1_000017p=060.00t=060.00.png
060.00,PNG1,120.00,17,RenderView1_000017p=060.00t=120.00.png
060.00,PNG1,180.00,17,RenderView1_000017p=060.00t=180.00.png
060.00,PNG1,240.00,17,RenderView1_000017p=060.00t=240.00.png
060.00,PNG1,300.00,17,RenderView1_000017p=060.00t=300.00.png
120.00,PNG1,000.00,17,RenderView1_000017p=120.00t=000.00.png
120.00,PNG1,060.00,17,RenderView1_000017p=120.00t=060.00.png
120.00,PNG1,120.00,17,RenderView1_000017p=120.00t=120.00.png
120.00,PNG1,180.00,17,RenderView1_000017p=120.00t=180.00.png
120.00,PNG1,240.00,17,RenderView1_000017p=120.00t=240.00.png
120.00,PNG1,300.00,17,RenderView1_000017p=120.00t=300.00.png
180.00,PNG1,000.00,17,RenderView1_000017p=180.00t=000.00.png
180.00,PNG1,060.00,17,RenderView1_000017p=180.00t=060.00.png
180.00,PNG1,120.00,17,RenderView1_000017p=180.00t=120.00.png
180.00,PNG1,180.00,17,RenderView1_000017p=180.00t=180.00.png
180.00,PNG1,240.00,17,RenderView1_000017p=180.00t=240.00.png
180.00,PNG1,300.00,17,RenderView1_000017p=180.00t=300.00.png
240.00,PNG1,000.00,17,RenderView1_000017p=240.00t=000.00.png
240.00,PNG1,060.00,17,RenderView1_000017p=240.00t=060.00.png
240.00,PNG1,120.00,17,RenderView1_000017p=240.00t=120.00.png
240.00,PNG1,180.00,17,RenderView1_000017p=240.00t=180.00.png
240.00,PNG1,240.00,17,RenderView1_000017p=240.00t=240.00.png
240.00,PNG1,300.00,17,RenderView1_000017p=240.00t=300.00.png
300.00,PNG1,000.00,17,RenderView1_000017p=300.00t=000.00.png
300.00,PNG1,060.00,17,RenderView1_000017p=300.00t=060.00.png
300.00,PNG1,120.00,17,RenderView1_000017p=300.00t=120.00.png
300.00,PNG1,180.00,17,RenderView1_000017p=300.00t=180.00.png
300.00,PNG1,240.00,17,RenderView1_000017p=300.00t=240.00.png
300.00,PNG1,300.00,17,RenderView1_000017p=300.00t=300.00.png
